id,gender,first_name,last_name,hired_date,email,level,org,title
1,male,Cameron,Harris,2015-03-04,cameronharris@testco.com,1,Marketing,Marketing Manager
2,female,Diane,Williams,2018-05-07,dianewilliams@testco.com,3,Customer Success,TSM
3,male,Jose,Hinton,2019-03-25,josehinton@testco.com,1,Product,UX
4,female,Elizabeth,Charles,2019-09-25,elizabethcharles@testco.com,1,Customer Success,CSE
5,female,Melissa,Stone,2016-05-04,melissastone@testco.com,2,Sales,SE
6,female,Briana,Byrd,2015-08-05,brianabyrd@testco.com,4,Sales,FSR
7,female,Sara,Gonzales,2017-05-24,saragonzales@testco.com,4,Product,UX
8,female,Karen,White,2021-06-08,karenwhite@testco.com,2,Sales,FSR
9,nonbinary,Amanda,Leblanc,2021-08-03,amandaleblanc@testco.com,4,Sales,SE
10,male,Kevin,Garrett,2020-10-29,kevingarrett@testco.com,1,Sales,AE
11,male,Kenneth,Pena,2021-04-28,kennethpena@testco.com,2,Product,UI
12,nonbinary,Fred,Johnson,2021-08-16,fredjohnson@testco.com,1,Product,PM
13,female,Terri,Allen,2021-01-03,terriallen@testco.com,4,Sales,FSR
14,nonbinary,Darrell,Pena,2020-12-10,darrellpena@testco.com,2,Product,UI
15,male,Antonio,Brown,2016-11-08,antoniobrown@testco.com,1,Sales,AE
16,female,Debra,Shaw,2016-11-14,debrashaw@testco.com,1,Marketing,Marketing Analyst
17,female,Susan,Hunt,2016-07-21,susanhunt@testco.com,4,Product,UI
18,female,Alexis,Stafford,2015-07-10,alexisstafford@testco.com,3,Sales,AE
19,male,Jeffrey,Blanchard,2016-02-28,jeffreyblanchard@testco.com,4,Sales,AE
20,female,Anna,Bradshaw,2016-07-25,annabradshaw@testco.com,2,Marketing,Marketing Analyst
21,male,Gregory,Clements,2018-04-18,gregoryclements@testco.com,4,Product,PM
22,male,Glenn,Sanford,2015-11-23,glennsanford@testco.com,4,Marketing,Marketing Manager
23,female,Alyssa,Kelley,2015-03-05,alyssakelley@testco.com,4,Product,UX
24,female,Denise,Sanchez,2020-04-08,denisesanchez@testco.com,3,Customer Success,TSM
25,male,Gregory,Garcia,2018-10-26,gregorygarcia@testco.com,1,Product,UI
26,female,Erin,Gutierrez,2020-06-30,eringutierrez@testco.com,1,Engineering,SWE
27,male,Michael,Cobb,2019-11-23,michaelcobb@testco.com,2,Marketing,Marketing Analyst
28,male,Steven,Casey,2018-07-17,stevencasey@testco.com,4,Customer Success,TSM
29,nonbinary,Anthony,Robles,2019-04-27,anthonyrobles@testco.com,3,Marketing,Marketing Manager
30,female,Ashley,Harrington,2018-06-10,ashleyharrington@testco.com,1,Sales,FSR
31,male,Nathan,Henson,2020-08-06,nathanhenson@testco.com,3,Product,UI
32,female,Brianna,Martin,2018-09-18,briannamartin@testco.com,3,Sales,AE
33,female,Laura,Bush,2021-07-18,laurabush@testco.com,2,Customer Success,CSM
34,nonbinary,Jeffrey,Hayes,2022-01-06,jeffreyhayes@testco.com,3,Customer Success,CSM
35,female,Ashley,Wilson,2015-04-22,ashleywilson@testco.com,3,Sales,AE
36,female,Eileen,Blankenship,2015-09-16,eileenblankenship@testco.com,3,Customer Success,CSM
37,female,Angel,Hart,2016-06-05,angelhart@testco.com,3,Sales,SE
38,male,Harold,Baker,2020-01-05,haroldbaker@testco.com,4,Product,UX
39,male,Shawn,Rodriguez,2017-03-02,shawnrodriguez@testco.com,3,Marketing,Marketing Analyst
40,female,Laura,Rodriguez,2018-05-11,laurarodriguez@testco.com,4,Sales,FSR
41,female,Ashley,Rojas,2016-11-12,ashleyrojas@testco.com,3,Marketing,Marketing Analyst
42,male,James,Dorsey,2022-04-06,jamesdorsey@testco.com,4,Marketing,Marketing Manager
43,female,Megan,Bell,2016-06-26,meganbell@testco.com,1,Engineering,Data Eng
44,male,Aaron,Adams,2022-04-15,aaronadams@testco.com,3,Marketing,Marketing Manager
45,male,Derek,Reyes,2015-05-30,derekreyes@testco.com,1,Marketing,Marketing Analyst
46,male,Chad,Kennedy,2016-12-03,chadkennedy@testco.com,3,Product,UI
47,female,Erin,Parker,2016-03-09,erinparker@testco.com,3,Marketing,Marketing Manager
48,nonbinary,Matthew,Wilkerson,2015-05-16,matthewwilkerson@testco.com,1,Marketing,Marketing Manager
49,female,Tammy,Fox,2022-03-05,tammyfox@testco.com,4,Engineering,SWE
50,male,Mark,Kirby,2016-01-12,markkirby@testco.com,1,Marketing,Marketing Manager
51,nonbinary,Nathaniel,Ramos,2015-12-21,nathanielramos@testco.com,4,Sales,SE
52,male,Francisco,Thomas,2021-04-30,franciscothomas@testco.com,2,Customer Success,CSE
53,male,Christopher,Edwards,2019-10-17,christopheredwards@testco.com,2,Sales,AE
54,female,Teresa,Norman,2018-10-13,teresanorman@testco.com,3,Engineering,Data Eng
55,male,Tommy,Page,2017-05-09,tommypage@testco.com,4,Customer Success,CSM
56,male,Jorge,Johnson,2016-08-21,jorgejohnson@testco.com,1,Engineering,Data Eng
57,nonbinary,Brenda,Winters,2021-07-24,brendawinters@testco.com,1,Product,PM
58,female,Wanda,Cross,2020-02-23,wandacross@testco.com,2,Product,UI
59,male,Keith,Ballard,2015-08-01,keithballard@testco.com,4,Marketing,Marketing Analyst
60,female,Lindsay,Smith,2020-01-07,lindsaysmith@testco.com,1,Customer Success,CSM
61,male,Kenneth,Strong,2018-12-17,kennethstrong@testco.com,4,Engineering,Data Eng
62,male,Brent,Conrad,2019-09-19,brentconrad@testco.com,1,Product,PM
63,female,Tonya,Howard,2015-11-08,tonyahoward@testco.com,3,Product,UX
64,female,Andrea,Morgan,2017-10-30,andreamorgan@testco.com,4,Marketing,Marketing Analyst
65,nonbinary,Kyle,Peters,2021-06-02,kylepeters@testco.com,4,Customer Success,CSM
66,female,Tammy,Trujillo,2021-12-21,tammytrujillo@testco.com,3,Engineering,SWE
67,female,Erin,Franklin,2015-02-05,erinfranklin@testco.com,1,Customer Success,TSM
68,nonbinary,Steven,Harmon,2021-03-21,stevenharmon@testco.com,3,Marketing,Marketing Analyst
69,male,Daniel,Becker,2016-12-19,danielbecker@testco.com,2,Customer Success,CSM
70,nonbinary,Samantha,Ray,2017-07-12,samantharay@testco.com,2,Sales,FSR
71,nonbinary,Kristine,Ryan,2015-04-26,kristineryan@testco.com,3,Marketing,Marketing Analyst
72,male,Cristian,Camacho,2019-06-21,cristiancamacho@testco.com,3,Customer Success,TSM
73,female,Theresa,Fisher,2018-03-07,theresafisher@testco.com,4,Customer Success,CSE
74,female,Susan,Park,2016-09-03,susanpark@testco.com,2,Sales,FSR
75,female,Pamela,Frye,2020-01-11,pamelafrye@testco.com,4,Sales,AE
76,female,Stephanie,Roberson,2016-12-18,stephanieroberson@testco.com,2,Customer Success,CSM
77,male,Glenn,Salazar,2015-03-27,glennsalazar@testco.com,2,Sales,AE
78,male,Christopher,Pearson,2019-07-10,christopherpearson@testco.com,1,Marketing,Marketing Manager
79,female,Jessica,Garcia,2020-08-19,jessicagarcia@testco.com,4,Marketing,Marketing Analyst
80,female,Jennifer,Turner,2019-02-02,jenniferturner@testco.com,1,Sales,AE
81,female,Amanda,Rogers,2019-08-30,amandarogers@testco.com,3,Sales,AE
82,female,Ashley,Adams,2019-02-04,ashleyadams@testco.com,2,Product,UX
83,male,Marc,Rodriguez,2017-06-18,marcrodriguez@testco.com,4,Marketing,Marketing Analyst
84,female,Kelly,Jackson,2016-10-27,kellyjackson@testco.com,2,Marketing,Marketing Manager
85,male,Larry,Barr,2020-08-19,larrybarr@testco.com,2,Product,PM
86,female,Tina,Greer,2019-07-23,tinagreer@testco.com,3,Product,PM
87,female,Amber,Brown,2015-05-22,amberbrown@testco.com,2,Product,UX
88,male,Kevin,Cooper,2021-10-10,kevincooper@testco.com,1,Marketing,Marketing Analyst
89,female,Mary,Freeman,2017-09-24,maryfreeman@testco.com,2,Customer Success,CSE
90,female,Heather,Smith,2017-07-28,heathersmith@testco.com,3,Engineering,Data Eng
91,female,Michele,Brown,2020-02-21,michelebrown@testco.com,1,Marketing,Marketing Analyst
92,female,Michelle,Alvarado,2016-02-16,michellealvarado@testco.com,1,Customer Success,CSE
93,male,Douglas,Ellis,2021-02-08,douglasellis@testco.com,1,Engineering,SWE
94,female,Amanda,Howard,2018-07-22,amandahoward@testco.com,4,Product,PM
95,female,Hannah,Hinton,2020-03-17,hannahhinton@testco.com,2,Customer Success,CSM
96,female,Karen,Day,2020-06-08,karenday@testco.com,1,Sales,FSR
97,female,Shari,Baldwin,2019-09-23,sharibaldwin@testco.com,4,Product,UI
98,male,Justin,Thornton,2022-01-24,justinthornton@testco.com,4,Product,PM
99,nonbinary,Patrick,Newman,2019-01-27,patricknewman@testco.com,2,Product,PM
100,female,Chelsea,Scott,2019-05-12,chelseascott@testco.com,4,Product,UX
