id,gender,first_name,last_name,hired_date,email,level,org,title
1,nonbinary,Julie,Leonard,2019-10-04,julieleonard@testco.com,2,Sales,FSR
2,male,Jason,Walls,2021-02-11,jasonwalls@testco.com,4,Product,UI
3,male,Jeremy,Williams,2015-10-07,jeremywilliams@testco.com,2,Engineering,SWE
4,male,Nicholas,Smith,2015-05-20,nicholassmith@testco.com,1,Customer Success,CSE
5,male,Levi,Williams,2018-11-29,leviwilliams@testco.com,1,Customer Success,CSE
6,male,Ruben,Macdonald,2019-02-17,rubenmacdonald@testco.com,3,Marketing,Marketing Manager
7,male,Mitchell,Weaver,2016-04-13,mitchellweaver@testco.com,3,Sales,AE
8,nonbinary,John,Webster,2018-03-13,johnwebster@testco.com,4,Sales,SE
9,nonbinary,Ronald,Molina,2015-04-27,ronaldmolina@testco.com,3,Marketing,Marketing Manager
10,male,Howard,Bates,2016-10-31,howardbates@testco.com,2,Engineering,SWE
11,female,Monica,Simmons,2019-05-29,monicasimmons@testco.com,4,Product,UX
12,male,Mason,Kim,2019-11-02,masonkim@testco.com,3,Engineering,Data Eng
13,female,Kelly,Wilkerson,2018-09-17,kellywilkerson@testco.com,3,Product,PM
14,male,James,Johnson,2022-01-20,jamesjohnson@testco.com,4,Customer Success,CSE
15,female,Misty,Curry,2015-07-25,mistycurry@testco.com,1,Customer Success,CSE
16,female,Casey,Smith,2016-07-24,caseysmith@testco.com,3,Marketing,Marketing Manager
17,female,Julia,Sanchez,2021-12-10,juliasanchez@testco.com,4,Engineering,Data Eng
18,nonbinary,Robert,Nielsen,2020-01-13,robertnielsen@testco.com,4,Product,UX
19,male,Marcus,Rodriguez,2018-03-22,marcusrodriguez@testco.com,4,Marketing,Marketing Manager
20,female,Bailey,Jackson,2018-01-29,baileyjackson@testco.com,2,Marketing,Marketing Manager
21,female,Nicole,Moss,2015-09-22,nicolemoss@testco.com,3,Product,UI
22,female,Kristin,Sanders,2020-02-20,kristinsanders@testco.com,3,Marketing,Marketing Analyst
23,female,Judy,Hansen,2015-07-07,judyhansen@testco.com,4,Sales,SE
24,female,Dana,Stewart,2015-04-09,danastewart@testco.com,2,Marketing,Marketing Manager
25,female,Diana,Collier,2018-03-02,dianacollier@testco.com,3,Engineering,SWE
26,male,Richard,Skinner,2021-12-29,richardskinner@testco.com,4,Sales,AE
27,male,Kevin,Graham,2015-02-27,kevingraham@testco.com,4,Marketing,Marketing Manager
28,male,Brian,Arellano,2019-08-20,brianarellano@testco.com,3,Engineering,Data Eng
29,male,Dennis,Gilmore,2018-06-04,dennisgilmore@testco.com,2,Sales,FSR
30,male,Nicholas,Fisher,2015-06-15,nicholasfisher@testco.com,2,Marketing,Marketing Analyst
31,male,Troy,Barry,2021-10-19,troybarry@testco.com,2,Customer Success,TSM
32,nonbinary,Tyler,Ryan,2016-04-04,tylerryan@testco.com,3,Customer Success,CSM
33,male,Mario,Romero,2016-04-01,marioromero@testco.com,1,Sales,FSR
34,nonbinary,Kenneth,Garner,2016-07-10,kennethgarner@testco.com,3,Customer Success,TSM
35,female,Kelsey,Stewart,2018-05-10,kelseystewart@testco.com,4,Customer Success,TSM
36,female,Caitlin,Robertson,2018-02-15,caitlinrobertson@testco.com,4,Engineering,Data Eng
37,nonbinary,Felicia,Deleon,2017-05-23,feliciadeleon@testco.com,1,Marketing,Marketing Analyst
38,female,Shelly,Bryant,2017-02-20,shellybryant@testco.com,1,Customer Success,CSM
39,male,Anthony,Wolfe,2015-08-31,anthonywolfe@testco.com,3,Product,PM
40,male,Michael,Miller,2022-01-02,michaelmiller@testco.com,2,Marketing,Marketing Analyst
41,female,Anita,Vargas,2015-04-25,anitavargas@testco.com,3,Engineering,SWE
42,male,Tim,Pineda,2017-03-29,timpineda@testco.com,1,Sales,SE
43,nonbinary,Herbert,Fox,2020-06-17,herbertfox@testco.com,2,Engineering,SWE
44,male,Juan,Adams,2017-04-22,juanadams@testco.com,2,Sales,SE
45,male,Tyler,Phillips,2016-01-13,tylerphillips@testco.com,3,Customer Success,CSM
46,male,Christopher,Villegas,2018-12-06,christophervillegas@testco.com,1,Marketing,Marketing Analyst
47,female,Melissa,Holmes,2017-02-20,melissaholmes@testco.com,4,Sales,SE
48,male,Jonathan,Farley,2017-12-16,jonathanfarley@testco.com,4,Sales,AE
49,female,Lynn,Sullivan,2017-04-29,lynnsullivan@testco.com,2,Customer Success,CSE
50,male,Thomas,Sanchez,2018-12-08,thomassanchez@testco.com,3,Marketing,Marketing Analyst
51,female,Carolyn,Wood,2015-12-19,carolynwood@testco.com,4,Engineering,Data Eng
52,nonbinary,Antonio,Smith,2018-07-20,antoniosmith@testco.com,4,Customer Success,TSM
53,male,Justin,Hubbard,2020-03-15,justinhubbard@testco.com,3,Customer Success,TSM
54,female,Elizabeth,Hughes,2017-02-03,elizabethhughes@testco.com,1,Customer Success,CSM
55,female,Renee,Ford,2022-02-11,reneeford@testco.com,3,Sales,AE
56,female,Janet,Parker,2021-07-27,janetparker@testco.com,4,Marketing,Marketing Manager
57,nonbinary,Michelle,Nichols,2022-01-07,michellenichols@testco.com,3,Sales,FSR
58,female,Melissa,Taylor,2021-05-15,melissataylor@testco.com,1,Engineering,Data Eng
59,male,Derrick,Russell,2020-01-13,derrickrussell@testco.com,2,Sales,SE
60,male,Isaac,Strickland,2015-06-27,isaacstrickland@testco.com,1,Product,PM
61,male,Matthew,Duran,2015-08-08,matthewduran@testco.com,3,Sales,AE
62,nonbinary,Casey,Lucero,2019-05-15,caseylucero@testco.com,2,Customer Success,TSM
63,female,Carolyn,Thomas,2015-05-24,carolynthomas@testco.com,1,Customer Success,TSM
64,female,Elizabeth,Hill,2020-09-13,elizabethhill@testco.com,4,Marketing,Marketing Manager
65,female,Kelli,Delacruz,2019-09-30,kellidelacruz@testco.com,4,Product,UX
66,female,Deanna,Martin,2016-06-04,deannamartin@testco.com,1,Sales,AE
67,nonbinary,Christopher,Sanchez,2015-06-14,christophersanchez@testco.com,4,Marketing,Marketing Analyst
68,female,Janet,Payne,2021-09-08,janetpayne@testco.com,4,Sales,SE
69,male,Timothy,Moore,2021-11-11,timothymoore@testco.com,2,Product,PM
70,male,Jorge,Wright,2021-12-05,jorgewright@testco.com,2,Marketing,Marketing Manager
71,female,Destiny,Wheeler,2017-11-05,destinywheeler@testco.com,3,Sales,FSR
72,male,Jonathan,Morgan,2018-08-29,jonathanmorgan@testco.com,4,Engineering,Data Eng
73,female,Amanda,Rivera,2016-05-14,amandarivera@testco.com,3,Product,PM
74,female,Brittney,Robinson,2016-10-27,brittneyrobinson@testco.com,3,Engineering,SWE
75,female,Bianca,Hernandez,2018-11-06,biancahernandez@testco.com,4,Engineering,Data Eng
76,female,Glenda,Bennett,2018-08-20,glendabennett@testco.com,4,Marketing,Marketing Manager
77,nonbinary,Jade,Webb,2018-08-11,jadewebb@testco.com,1,Product,UI
78,female,Patricia,Mitchell,2017-07-17,patriciamitchell@testco.com,1,Engineering,Data Eng
79,male,Anthony,Gilbert,2015-02-28,anthonygilbert@testco.com,4,Marketing,Marketing Analyst
80,female,Christina,Melton,2020-07-06,christinamelton@testco.com,2,Sales,FSR
81,male,Kevin,Miller,2016-01-06,kevinmiller@testco.com,1,Engineering,Data Eng
82,nonbinary,Laura,Pruitt,2018-11-06,laurapruitt@testco.com,2,Engineering,Data Eng
83,female,Amy,Carlson,2020-06-03,amycarlson@testco.com,1,Engineering,SWE
84,nonbinary,Joanna,Leon,2018-01-01,joannaleon@testco.com,2,Product,UI
85,male,Leroy,Medina,2015-06-06,leroymedina@testco.com,4,Product,UI
86,male,Timothy,Miller,2016-01-28,timothymiller@testco.com,4,Marketing,Marketing Manager
87,male,Michael,Mack,2017-10-03,michaelmack@testco.com,2,Sales,AE
88,female,Tammy,Wilson,2020-04-25,tammywilson@testco.com,2,Marketing,Marketing Analyst
89,nonbinary,Glen,Moore,2021-03-21,glenmoore@testco.com,1,Marketing,Marketing Analyst
90,female,Danielle,Young,2021-10-08,danielleyoung@testco.com,4,Product,UX
91,female,Nicole,Howell,2016-03-07,nicolehowell@testco.com,3,Engineering,Data Eng
92,female,Renee,Moss,2016-10-30,reneemoss@testco.com,4,Product,PM
93,male,Kenneth,Chandler,2016-01-15,kennethchandler@testco.com,4,Marketing,Marketing Analyst
94,male,Ralph,Brandt,2018-06-02,ralphbrandt@testco.com,2,Customer Success,TSM
95,female,Jessica,Baker,2018-09-11,jessicabaker@testco.com,2,Customer Success,CSM
96,female,Melissa,Anthony,2016-12-29,melissaanthony@testco.com,4,Product,PM
97,female,Elizabeth,Williams,2022-02-13,elizabethwilliams@testco.com,1,Engineering,SWE
98,nonbinary,Christina,Bond,2016-10-14,christinabond@testco.com,1,Marketing,Marketing Analyst
99,nonbinary,Taylor,Carr,2019-02-27,taylorcarr@testco.com,4,Product,PM
100,male,Jacob,Peterson,2015-05-30,jacobpeterson@testco.com,1,Customer Success,CSE
